{"accuracy": [0.6798330545425415, 0.8939563632011414, 0.9486239552497864, 0.967117965221405, 0.9782483577728271, 0.9831687808036804, 0.9828633666038513, 0.9878177046775818, 0.9879534244537354, 0.9877498149871826], "loss": [0.8029218912124634, 0.2928798198699951, 0.14758449792861938, 0.09877649694681168, 0.06675555557012558, 0.05342577025294304, 0.05124050751328468, 0.036639463156461716, 0.035949576646089554, 0.03776612505316734], "val_accuracy": [0.8793269395828247, 0.953125, 0.9646634459495544, 0.9759615659713745, 0.9620192050933838, 0.9692307710647583, 0.9896634817123413, 0.9901442527770996, 0.9846153855323792, 0.9865384697914124], "val_loss": [0.3090894818305969, 0.15739969909191132, 0.10374327003955841, 0.07160571217536926, 0.13112595677375793, 0.14458714425563812, 0.034410543739795685, 0.03344031795859337, 0.05044656619429588, 0.04804104566574097]}