{"accuracy": [0.6656825542449951, 0.8921578526496887, 0.9440429210662842, 0.9608741402626038, 0.9699005484580994, 0.980861246585846, 0.9829311966896057, 0.9836438298225403, 0.9879873991012573, 0.9884963631629944], "loss": [0.8658789992332458, 0.3074055016040802, 0.16625501215457916, 0.11431415379047394, 0.08706896007061005, 0.059999845921993256, 0.05031373351812363, 0.04819979518651962, 0.03763984888792038, 0.03427355736494064], "val_accuracy": [0.8531249761581421, 0.9348557591438293, 0.9836538434028625, 0.9750000238418579, 0.9824519157409668, 0.9911057949066162, 0.9841346144676208, 0.9834134578704834, 0.9906250238418579, 0.9901442527770996], "val_loss": [0.4254205822944641, 0.18207599222660065, 0.05751383304595947, 0.07917597144842148, 0.06039249897003174, 0.026864735409617424, 0.06231940910220146, 0.05267512798309326, 0.02985871210694313, 0.03225169703364372]}