{"accuracy": [0.6836846470832825, 0.8542978167533875, 0.9063150882720947, 0.9330406188964844, 0.950760543346405, 0.9639328718185425, 0.9711239337921143, 0.9769707918167114, 0.9804655313491821, 0.9839602112770081, 0.986693263053894, 0.9855507612228394, 0.989963948726654, 0.9894710779190063, 0.9910168051719666], "loss": [0.8766911625862122, 0.4223957657814026, 0.27189743518829346, 0.19837608933448792, 0.14392592012882233, 0.10504157841205597, 0.08615723997354507, 0.06806551665067673, 0.0596056766808033, 0.04801471531391144, 0.04049541428685188, 0.04294321686029434, 0.03227708488702774, 0.033744506537914276, 0.029743121936917305], "val_accuracy": [0.8173760175704956, 0.8968141078948975, 0.913370668888092, 0.9375365972518921, 0.9495777487754822, 0.9452295303344727, 0.9554310441017151, 0.9602809548377991, 0.957103431224823, 0.9613680243492126, 0.9599465131759644, 0.9547621011734009, 0.9642110466957092, 0.961953341960907, 0.9642110466957092], "val_loss": [0.5247544050216675, 0.29190731048583984, 0.2586192190647125, 0.19220706820487976, 0.1570524126291275, 0.1919921338558197, 0.15329425036907196, 0.14104177057743073, 0.1566452980041504, 0.13139967620372772, 0.15970450639724731, 0.15826357901096344, 0.1387736201286316, 0.15536674857139587, 0.14512553811073303]}